Order,PID,MS SubClass,MS Zoning,Lot Frontage,Lot Area,Street,Alley,Lot Shape,Land Contour,Utilities,Lot Config,Land Slope,Neighborhood,Condition 1,Condition 2,Bldg Type,House Style,Overall Qual,Overall Cond,Year Built,Year Remod/Add,Roof Style,Roof Matl,Exterior 1st,Exterior 2nd,Mas Vnr Type,Mas Vnr Area,Exter Qual,Exter Cond,Foundation,Bsmt Qual,Bsmt Cond,Bsmt Exposure,BsmtFin Type 1,BsmtFin SF 1,BsmtFin Type 2,BsmtFin SF 2,Bsmt Unf SF,Total Bsmt SF,Heating,Heating QC,Central Air,Electrical,1st Flr SF,2nd Flr SF,Low Qual Fin SF,Gr Liv Area,Bsmt Full Bath,Bsmt Half Bath,Full Bath,Half Bath,Bedroom AbvGr,Kitchen AbvGr,Kitchen Qual,TotRms AbvGrd,Functional,Fireplaces,Fireplace Qu,Garage Type,Garage Yr Blt,Garage Finish,Garage Cars,Garage Area,Garage Qual,Garage Cond,Paved Drive,Wood Deck SF,Open Porch SF,Enclosed Porch,3Ssn Porch,Screen Porch,Pool Area,Pool QC,Fence,Misc Feature,Misc Val,Mo Sold,Yr Sold,Sale Type,Sale Condition,SalePrice
1,0526301100,020,RL,141,31770,Pave,NA,IR1,Lvl,AllPub,Corner,Gtl,NAmes,Norm,Norm,1Fam,1Story,6,5,1960,1960,Hip,CompShg,BrkFace,Plywood,Stone,112,TA,TA,CBlock,TA,Gd,Gd,BLQ,639,Unf,0,441,1080,GasA,Fa,Y,SBrkr,1656,0,0,1656,1,0,1,0,3,1,TA,7,Typ,2,Gd,Attchd,1960,Fin,2,528,TA,TA,P,210,62,0,0,0,0,NA,NA,NA,0,5,2010,WD ,Normal,215000
2,0526350040,020,RH,80,11622,Pave,NA,Reg,Lvl,AllPub,Inside,Gtl,NAmes,Feedr,Norm,1Fam,1Story,5,6,1961,1961,Gable,CompShg,VinylSd,VinylSd,None,0,TA,TA,CBlock,TA,TA,No,Rec,468,LwQ,144,270,882,GasA,TA,Y,SBrkr,896,0,0,896,0,0,1,0,2,1,TA,5,Typ,0,NA,Attchd,1961,Unf,1,730,TA,TA,Y,140,0,0,0,120,0,NA,MnPrv,NA,0,6,2010,WD ,Normal,105000
3,0526351010,020,RL,81,14267,Pave,NA,IR1,Lvl,AllPub,Corner,Gtl,NAmes,Norm,Norm,1Fam,1Story,6,6,1958,1958,Hip,CompShg,Wd Sdng,Wd Sdng,BrkFace,108,TA,TA,CBlock,TA,TA,No,ALQ,923,Unf,0,406,1329,GasA,TA,Y,SBrkr,1329,0,0,1329,0,0,1,1,3,1,Gd,6,Typ,0,NA,Attchd,1958,Unf,1,312,TA,TA,Y,393,36,0,0,0,0,NA,NA,Gar2,12500,6,2010,WD ,Normal,172000
4,0526353030,020,RL,93,11160,Pave,NA,Reg,Lvl,AllPub,Corner,Gtl,NAmes,Norm,Norm,1Fam,1Story,7,5,1968,1968,Hip,CompShg,BrkFace,BrkFace,None,0,Gd,TA,CBlock,TA,TA,No,ALQ,1065,Unf,0,1045,2110,GasA,Ex,Y,SBrkr,2110,0,0,2110,1,0,2,1,3,1,Ex,8,Typ,2,TA,Attchd,1968,Fin,2,522,TA,TA,Y,0,0,0,0,0,0,NA,NA,NA,0,4,2010,WD ,Normal,244000
5,0527105010,060,RL,74,13830,Pave,NA,IR1,Lvl,AllPub,Inside,Gtl,Gilbert,Norm,Norm,1Fam,2Story,5,5,1997,1998,Gable,CompShg,VinylSd,VinylSd,None,0,TA,TA,PConc,Gd,TA,No,GLQ,791,Unf,0,137,928,GasA,Gd,Y,SBrkr,928,701,0,1629,0,0,2,1,3,1,TA,6,Typ,1,TA,Attchd,1997,Fin,2,482,TA,TA,Y,212,34,0,0,0,0,NA,MnPrv,NA,0,3,2010,WD ,Normal,189900
6,0527105030,060,RL,78,9978,Pave,NA,IR1,Lvl,AllPub,Inside,Gtl,Gilbert,Norm,Norm,1Fam,2Story,6,6,1998,1998,Gable,CompShg,VinylSd,VinylSd,BrkFace,20,TA,TA,PConc,TA,TA,No,GLQ,602,Unf,0,324,926,GasA,Ex,Y,SBrkr,926,678,0,1604,0,0,2,1,3,1,Gd,7,Typ,1,Gd,Attchd,1998,Fin,2,470,TA,TA,Y,360,36,0,0,0,0,NA,NA,NA,0,6,2010,WD ,Normal,195500
7,0527127150,120,RL,41,4920,Pave,NA,Reg,Lvl,AllPub,Inside,Gtl,StoneBr,Norm,Norm,TwnhsE,1Story,8,5,2001,2001,Gable,CompShg,CemntBd,CmentBd,None,0,Gd,TA,PConc,Gd,TA,Mn,GLQ,616,Unf,0,722,1338,GasA,Ex,Y,SBrkr,1338,0,0,1338,1,0,2,0,2,1,Gd,6,Typ,0,NA,Attchd,2001,Fin,2,582,TA,TA,Y,0,0,170,0,0,0,NA,NA,NA,0,4,2010,WD ,Normal,213500
8,0527145080,120,RL,43,5005,Pave,NA,IR1,HLS,AllPub,Inside,Gtl,StoneBr,Norm,Norm,TwnhsE,1Story,8,5,1992,1992,Gable,CompShg,HdBoard,HdBoard,None,0,Gd,TA,PConc,Gd,TA,No,ALQ,263,Unf,0,1017,1280,GasA,Ex,Y,SBrkr,1280,0,0,1280,0,0,2,0,2,1,Gd,5,Typ,0,NA,Attchd,1992,RFn,2,506,TA,TA,Y,0,82,0,0,144,0,NA,NA,NA,0,1,2010,WD ,Normal,191500
9,0527146030,120,RL,39,5389,Pave,NA,IR1,Lvl,AllPub,Inside,Gtl,StoneBr,Norm,Norm,TwnhsE,1Story,8,5,1995,1996,Gable,CompShg,CemntBd,CmentBd,None,0,Gd,TA,PConc,Gd,TA,No,GLQ,1180,Unf,0,415,1595,GasA,Ex,Y,SBrkr,1616,0,0,1616,1,0,2,0,2,1,Gd,5,Typ,1,TA,Attchd,1995,RFn,2,608,TA,TA,Y,237,152,0,0,0,0,NA,NA,NA,0,3,2010,WD ,Normal,236500
10,0527162130,060,RL,60,7500,Pave,NA,Reg,Lvl,AllPub,Inside,Gtl,Gilbert,Norm,Norm,1Fam,2Story,7,5,1999,1999,Gable,CompShg,VinylSd,VinylSd,None,0,TA,TA,PConc,TA,TA,No,Unf,0,Unf,0,994,994,GasA,Gd,Y,SBrkr,1028,776,0,1804,0,0,2,1,3,1,Gd,7,Typ,1,TA,Attchd,1999,Fin,2,442,TA,TA,Y,140,60,0,0,0,0,NA,NA,NA,0,6,2010,WD ,Normal,189000
11,0527163010,060,RL,75,10000,Pave,NA,IR1,Lvl,AllPub,Corner,Gtl,Gilbert,Norm,Norm,1Fam,2Story,6,5,1993,1994,Gable,CompShg,HdBoard,HdBoard,None,0,TA,TA,PConc,Gd,TA,No,Unf,0,Unf,0,763,763,GasA,Gd,Y,SBrkr,763,892,0,1655,0,0,2,1,3,1,TA,7,Typ,1,TA,Attchd,1993,Fin,2,440,TA,TA,Y,157,84,0,0,0,0,NA,NA,NA,0,4,2010,WD ,Normal,175900
12,0527165230,020,RL,,7980,Pave,NA,IR1,Lvl,AllPub,Inside,Gtl,Gilbert,Norm,Norm,1Fam,1Story,6,7,1992,2007,Gable,CompShg,HdBoard,HdBoard,None,0,TA,Gd,PConc,Gd,TA,No,ALQ,935,Unf,0,233,1168,GasA,Ex,Y,SBrkr,1187,0,0,1187,1,0,2,0,3,1,TA,6,Typ,0,NA,Attchd,1992,Fin,2,420,TA,TA,Y,483,21,0,0,0,0,NA,GdPrv,Shed,500,3,2010,WD ,Normal,185000
13,0527166040,060,RL,63,8402,Pave,NA,IR1,Lvl,AllPub,Inside,Gtl,Gilbert,Norm,Norm,1Fam,2Story,6,5,1998,1998,Gable,CompShg,VinylSd,VinylSd,None,0,TA,TA,PConc,Gd,TA,No,Unf,0,Unf,0,789,789,GasA,Gd,Y,SBrkr,789,676,0,1465,0,0,2,1,3,1,TA,7,Typ,1,Gd,Attchd,1998,Fin,2,393,TA,TA,Y,0,75,0,0,0,0,NA,NA,NA,0,5,2010,WD ,Normal,180400
14,0527180040,020,RL,85,10176,Pave,NA,Reg,Lvl,AllPub,Inside,Gtl,Gilbert,Norm,Norm,1Fam,1Story,7,5,1990,1990,Gable,CompShg,HdBoard,HdBoard,None,0,TA,TA,PConc,Gd,TA,Gd,GLQ,637,Unf,0,663,1300,GasA,Gd,Y,SBrkr,1341,0,0,1341,1,0,1,1,2,1,Gd,5,Typ,1,Po,Attchd,1990,Unf,2,506,TA,TA,Y,192,0,0,0,0,0,NA,NA,NA,0,2,2010,WD ,Normal,171500
15,0527182190,120,RL,,6820,Pave,NA,IR1,Lvl,AllPub,Corner,Gtl,StoneBr,Norm,Norm,TwnhsE,1Story,8,5,1985,1985,Gable,CompShg,HdBoard,HdBoard,None,0,Gd,TA,PConc,Gd,TA,Av,GLQ,368,BLQ,1120,0,1488,GasA,TA,Y,SBrkr,1502,0,0,1502,1,0,1,1,1,1,Gd,4,Typ,0,NA,Attchd,1985,RFn,2,528,TA,TA,Y,0,54,0,0,140,0,NA,NA,NA,0,6,2010,WD ,Normal,212000
16,0527216070,060,RL,47,53504,Pave,NA,IR2,HLS,AllPub,CulDSac,Mod,StoneBr,Norm,Norm,1Fam,2Story,8,5,2003,2003,Hip,CompShg,CemntBd,Wd Shng,BrkFace,603,Ex,TA,PConc,Gd,TA,Gd,ALQ,1416,Unf,0,234,1650,GasA,Ex,Y,SBrkr,1690,1589,0,3279,1,0,3,1,4,1,Ex,12,Mod,1,Gd,BuiltIn,2003,Fin,3,841,TA,TA,Y,503,36,0,0,210,0,NA,NA,NA,0,6,2010,WD ,Normal,538000
17,0527225035,050,RL,152,12134,Pave,NA,IR1,Bnk,AllPub,Inside,Mod,Gilbert,Norm,Norm,1Fam,1.5Fin,8,7,1988,2005,Gable,CompShg,Wd Sdng,Wd Sdng,None,0,Gd,TA,Wood,Gd,TA,Av,GLQ,427,Unf,0,132,559,GasA,Gd,Y,SBrkr,1080,672,0,1752,0,0,2,0,4,1,TA,8,Typ,0,NA,Basment,1988,RFn,2,492,TA,TA,Y,325,12,0,0,0,0,NA,NA,NA,0,6,2010,WD ,Normal,164000
18,0527258010,020,RL,88,11394,Pave,NA,Reg,Lvl,AllPub,Corner,Gtl,StoneBr,Norm,Norm,1Fam,1Story,9,2,2010,2010,Hip,CompShg,VinylSd,VinylSd,Stone,350,Gd,TA,PConc,Ex,TA,Av,GLQ,1445,Unf,0,411,1856,GasA,Ex,Y,SBrkr,1856,0,0,1856,1,0,1,1,1,1,Ex,8,Typ,1,Ex,Attchd,2010,Fin,3,834,TA,TA,Y,113,0,0,0,0,0,NA,NA,NA,0,6,2010,New,Partial,394432
19,0527276150,020,RL,140,19138,Pave,NA,Reg,Lvl,AllPub,Corner,Gtl,Gilbert,Norm,Norm,1Fam,1Story,4,5,1951,1951,Gable,CompShg,VinylSd,VinylSd,None,0,TA,TA,CBlock,TA,TA,No,LwQ,120,Unf,0,744,864,GasA,Ex,Y,SBrkr,864,0,0,864,0,0,1,0,2,1,TA,4,Typ,0,NA,Detchd,1951,Unf,2,400,TA,TA,Y,0,0,0,0,0,0,NA,NA,NA,0,6,2010,WD ,Normal,141000
20,0527302110,020,RL,85,13175,Pave,NA,Reg,Lvl,AllPub,Inside,Gtl,NWAmes,Norm,Norm,1Fam,1Story,6,6,1978,1988,Gable,CompShg,Plywood,Plywood,Stone,119,TA,TA,CBlock,Gd,TA,No,ALQ,790,Rec,163,589,1542,GasA,TA,Y,SBrkr,2073,0,0,2073,1,0,2,0,3,1,TA,7,Min1,2,TA,Attchd,1978,Unf,2,500,TA,TA,Y,349,0,0,0,0,0,NA,MnPrv,NA,0,2,2010,WD ,Normal,210000
21,0527358140,020,RL,105,11751,Pave,NA,IR1,Lvl,AllPub,Inside,Gtl,NWAmes,Norm,Norm,1Fam,1Story,6,6,1977,1977,Hip,CompShg,Plywood,Plywood,BrkFace,480,TA,TA,CBlock,Gd,TA,No,BLQ,705,Unf,0,1139,1844,GasA,Ex,Y,SBrkr,1844,0,0,1844,0,0,2,0,3,1,TA,7,Typ,1,TA,Attchd,1977,RFn,2,546,TA,TA,Y,0,122,0,0,0,0,NA,MnPrv,NA,0,1,2010,COD,Normal,190000
22,0527358200,085,RL,85,10625,Pave,NA,Reg,Lvl,AllPub,Inside,Gtl,NWAmes,Norm,Norm,1Fam,SFoyer,7,6,1974,1974,Gable,CompShg,Plywood,Plywood,BrkFace,81,TA,TA,CBlock,Gd,TA,Gd,GLQ,885,LwQ,168,0,1053,GasA,TA,Y,SBrkr,1173,0,0,1173,1,0,2,0,3,1,Gd,6,Typ,2,TA,Attchd,1974,RFn,2,528,TA,TA,Y,0,120,0,0,0,0,NA,MnPrv,NA,0,1,2010,WD ,Family,170000
23,0527368020,060,FV,,7500,Pave,NA,Reg,Lvl,AllPub,Inside,Gtl,Somerst,Norm,Norm,1Fam,2Story,7,5,2000,2000,Gable,CompShg,VinylSd,VinylSd,None,0,Gd,TA,PConc,Gd,TA,No,GLQ,533,Unf,0,281,814,GasA,Ex,Y,SBrkr,814,860,0,1674,1,0,2,1,3,1,Gd,7,Typ,0,NA,Attchd,2000,RFn,2,663,TA,TA,Y,0,96,0,0,0,0,NA,NA,NA,0,1,2010,WD ,Normal,216000
24,0527402200,020,RL,,11241,Pave,NA,IR1,Lvl,AllPub,CulDSac,Gtl,NAmes,Norm,Norm,1Fam,1Story,6,7,1970,1970,Gable,CompShg,Wd Sdng,Wd Sdng,BrkFace,180,TA,TA,CBlock,TA,TA,No,ALQ,578,Unf,0,426,1004,GasA,Ex,Y,SBrkr,1004,0,0,1004,1,0,1,0,2,1,TA,5,Typ,1,TA,Attchd,1970,Fin,2,480,TA,TA,Y,0,0,0,0,0,0,NA,NA,Shed,700,3,2010,WD ,Normal,149000
25,0527402250,020,RL,,12537,Pave,NA,IR1,Lvl,AllPub,CulDSac,Gtl,NAmes,Norm,Norm,1Fam,1Story,5,6,1971,2008,Gable,CompShg,VinylSd,VinylSd,None,0,TA,TA,CBlock,TA,TA,No,GLQ,734,Unf,0,344,1078,GasA,Ex,Y,SBrkr,1078,0,0,1078,1,0,1,1,3,1,TA,6,Typ,1,Fa,Attchd,1971,Fin,2,500,TA,TA,Y,0,0,0,0,0,0,NA,NA,NA,0,4,2010,WD ,Normal,149900
26,0527403020,020,RL,65,8450,Pave,NA,Reg,Lvl,AllPub,Inside,Gtl,NAmes,Norm,Norm,1Fam,1Story,5,6,1968,1968,Gable,CompShg,VinylSd,VinylSd,None,0,TA,TA,CBlock,TA,TA,No,BLQ,775,Unf,0,281,1056,GasA,Ex,Y,SBrkr,1056,0,0,1056,1,0,1,0,3,1,TA,6,Typ,1,Fa,Attchd,1968,Unf,1,304,TA,TA,Y,0,85,184,0,0,0,NA,NA,NA,0,7,2010,WD ,Normal,142000
27,0527404120,020,RL,70,8400,Pave,NA,Reg,Lvl,AllPub,Corner,Gtl,NAmes,Norm,Norm,1Fam,1Story,4,5,1970,1970,Gable,CompShg,Plywood,Plywood,None,0,TA,TA,CBlock,TA,TA,No,ALQ,804,Rec,78,0,882,GasA,TA,Y,SBrkr,882,0,0,882,1,0,1,0,2,1,TA,4,Typ,0,NA,Attchd,1970,Fin,2,525,TA,TA,Y,240,0,0,0,0,0,NA,MnPrv,NA,0,4,2010,WD ,Normal,126000
28,0527425090,020,RL,70,10500,Pave,NA,Reg,Lvl,AllPub,FR2,Gtl,NAmes,Norm,Norm,1Fam,1Story,4,5,1971,1971,Gable,CompShg,HdBoard,HdBoard,None,0,TA,TA,CBlock,TA,TA,No,ALQ,432,Unf,0,432,864,GasA,TA,Y,SBrkr,864,0,0,864,0,0,1,0,3,1,TA,5,Typ,1,Po,NA,,NA,0,0,NA,NA,Y,0,0,0,0,0,0,NA,NA,NA,0,4,2010,ConLI,Normal,115000
29,0527427230,120,RH,26,5858,Pave,NA,IR1,Lvl,AllPub,FR2,Gtl,NAmes,Norm,Norm,TwnhsE,1Story,7,5,1999,1999,Gable,CompShg,MetalSd,MetalSd,None,0,Gd,TA,PConc,Gd,TA,No,GLQ,1051,BLQ,0,354,1405,GasA,Ex,Y,SBrkr,1337,0,0,1337,1,0,2,0,2,1,Gd,5,Typ,1,Fa,Attchd,1999,Fin,2,511,TA,TA,Y,203,68,0,0,0,0,NA,NA,NA,0,6,2010,WD ,Normal,184000
30,0527451180,160,RM,21,1680,Pave,NA,Reg,Lvl,AllPub,Inside,Gtl,BrDale,Norm,Norm,Twnhs,2Story,6,5,1971,1971,Gable,CompShg,HdBoard,HdBoard,BrkFace,504,TA,TA,CBlock,TA,TA,No,Rec,156,Unf,0,327,483,GasA,TA,Y,SBrkr,483,504,0,987,0,0,1,1,2,1,TA,5,Typ,0,NA,Detchd,1971,Unf,1,264,TA,TA,Y,275,0,0,0,0,0,NA,NA,NA,0,2,2010,COD,Normal,96000
31,0527451330,160,RM,21,1680,Pave,NA,Reg,Lvl,AllPub,Inside,Gtl,BrDale,Norm,Norm,Twnhs,2Story,5,5,1971,1971,Gable,CompShg,HdBoard,HdBoard,BrkFace,492,TA,TA,CBlock,TA,TA,No,Rec,300,Unf,0,225,525,GasA,TA,Y,SBrkr,525,567,0,1092,0,0,1,1,3,1,TA,6,Typ,0,NA,Detchd,1997,Unf,1,320,TA,TA,Y,0,0,0,0,0,0,NA,NA,NA,0,3,2010,WD ,Normal,105500
32,0527451410,160,RM,21,1680,Pave,NA,Reg,Lvl,AllPub,Inside,Gtl,BrDale,Norm,Norm,Twnhs,2Story,6,5,1971,1971,Gable,CompShg,HdBoard,ImStucc,BrkFace,381,TA,TA,CBlock,TA,TA,No,Unf,0,Unf,0,525,525,GasA,TA,Y,SBrkr,525,567,0,1092,0,0,1,1,3,1,TA,6,Typ,0,NA,Detchd,1971,Unf,1,264,TA,TA,Y,0,0,0,0,0,0,NA,NA,NA,0,3,2010,WD ,Family,88000
33,0527452190,120,RL,53,4043,Pave,NA,Reg,Lvl,AllPub,Inside,Gtl,NPkVill,Norm,Norm,TwnhsE,1Story,6,5,1977,1977,Gable,CompShg,Plywood,Plywood,None,0,TA,TA,CBlock,Gd,TA,No,ALQ,360,Unf,0,709,1069,GasA,TA,Y,SBrkr,1069,0,0,1069,0,0,2,0,2,1,TA,4,Typ,1,Fa,Attchd,1977,RFn,2,440,TA,TA,Y,0,55,0,0,165,0,NA,NA,NA,0,7,2010,WD ,Normal,127500
34,0527453130,160,RL,24,2280,Pave,NA,Reg,Lvl,AllPub,FR2,Gtl,NPkVill,Norm,Norm,Twnhs,2Story,6,6,1975,1975,Gable,CompShg,Plywood,Brk Cmn,None,0,TA,TA,CBlock,TA,TA,No,ALQ,514,Unf,0,341,855,GasA,TA,Y,SBrkr,855,601,0,1456,0,0,2,1,3,1,Gd,6,Typ,1,TA,Attchd,1975,Unf,2,440,TA,TA,Y,173,0,0,0,0,0,NA,NA,NA,0,6,2010,WD ,Normal,149900
35,0527453150,120,RL,24,2280,Pave,NA,Reg,Lvl,AllPub,FR2,Gtl,NPkVill,Norm,Norm,Twnhs,1Story,7,6,1975,1975,Gable,CompShg,Plywood,Brk Cmn,None,0,TA,TA,CBlock,Gd,TA,No,Unf,0,Unf,0,836,836,GasA,Ex,Y,SBrkr,836,0,0,836,0,0,1,0,2,1,TA,4,Typ,0,NA,Attchd,1975,Unf,1,308,TA,TA,Y,0,30,0,0,0,0,NA,NA,NA,0,6,2010,WD ,Normal,120000
36,0527454200,160,RL,24,2280,Pave,NA,Reg,Lvl,AllPub,Inside,Gtl,NPkVill,Norm,Norm,Twnhs,2Story,6,5,1978,1978,Gable,CompShg,Plywood,Brk Cmn,None,0,TA,TA,CBlock,Gd,TA,No,ALQ,311,Unf,0,544,855,GasA,Fa,Y,SBrkr,855,601,0,1456,0,0,2,1,3,1,TA,7,Typ,1,TA,Attchd,1978,Unf,2,440,TA,TA,Y,26,0,0,0,0,0,NA,NA,NA,0,7,2010,WD ,Normal,146000
37,0528108120,060,RL,102,12858,Pave,NA,IR1,Lvl,AllPub,Inside,Gtl,NridgHt,Norm,Norm,1Fam,2Story,9,5,2009,2010,Gable,CompShg,VinylSd,VinylSd,Stone,162,Ex,TA,PConc,Ex,TA,No,Unf,0,Unf,0,1590,1590,GasA,Ex,Y,SBrkr,1627,707,0,2334,0,0,2,1,3,1,Ex,10,Typ,1,Gd,Attchd,2009,Fin,3,751,TA,TA,Y,144,133,0,0,0,0,NA,NA,NA,0,1,2010,New,Partial,376162
38,0528112020,020,RL,98,11478,Pave,NA,Reg,Lvl,AllPub,Inside,Gtl,NridgHt,Norm,Norm,1Fam,1Story,8,5,2007,2008,Gable,CompShg,VinylSd,VinylSd,Stone,200,Gd,TA,PConc,Ex,TA,No,GLQ,1218,Unf,0,486,1704,GasA,Ex,Y,SBrkr,1704,0,0,1704,1,0,2,0,3,1,Gd,7,Typ,1,Gd,Attchd,2008,RFn,3,772,TA,TA,Y,0,50,0,0,0,0,NA,NA,NA,0,5,2010,WD ,Normal,306000
39,0528120060,020,RL,83,10159,Pave,NA,IR1,Lvl,AllPub,Inside,Gtl,NridgHt,Norm,Norm,1Fam,1Story,9,5,2009,2010,Hip,CompShg,VinylSd,VinylSd,Stone,450,Ex,TA,PConc,Ex,TA,Av,GLQ,1646,Unf,0,284,1930,GasA,Ex,Y,SBrkr,1940,0,0,1940,1,0,2,1,3,1,Ex,8,Typ,1,Gd,Attchd,2010,Fin,3,606,TA,TA,Y,168,95,0,0,0,0,NA,NA,NA,0,4,2010,New,Partial,395192
40,0528120090,020,RL,94,12883,Pave,NA,IR1,Lvl,AllPub,Corner,Gtl,NridgHt,Norm,Norm,1Fam,1Story,8,5,2009,2010,Gable,CompShg,VinylSd,VinylSd,Stone,256,Gd,TA,PConc,Gd,TA,No,Unf,0,Unf,0,1544,1544,GasA,Ex,Y,SBrkr,1544,0,0,1544,0,0,2,0,3,1,Gd,7,Typ,0,NA,Attchd,2009,RFn,3,868,TA,TA,Y,0,35,0,0,0,0,NA,NA,NA,0,6,2010,New,Partial,290941
41,0528120100,020,RL,95,12182,Pave,NA,Reg,Lvl,AllPub,Corner,Gtl,NridgHt,Norm,Norm,1Fam,1Story,7,5,2005,2005,Gable,CompShg,VinylSd,VinylSd,BrkFace,226,Gd,TA,PConc,Gd,TA,Mn,BLQ,1201,Unf,0,340,1541,GasA,Ex,Y,SBrkr,1541,0,0,1541,0,0,2,0,3,1,Gd,7,Typ,1,Gd,Attchd,2005,RFn,2,532,TA,TA,Y,0,70,0,0,0,0,NA,NA,NA,0,5,2010,New,Partial,220000
42,0528120120,020,RL,90,11520,Pave,NA,Reg,Lvl,AllPub,Inside,Gtl,NridgHt,PosN,Norm,1Fam,1Story,9,5,2005,2005,Hip,CompShg,VinylSd,VinylSd,BrkFace,615,Gd,TA,PConc,Ex,TA,No,GLQ,110,Unf,0,1588,1698,GasA,Ex,Y,SBrkr,1698,0,0,1698,0,0,2,0,3,1,Ex,7,Typ,1,Gd,Attchd,2005,Fin,3,730,TA,TA,Y,192,74,0,0,0,0,NA,NA,NA,0,6,2010,WD ,Normal,275000
43,0528138020,020,RL,79,14122,Pave,NA,IR1,Lvl,AllPub,Inside,Gtl,NridgHt,Norm,Norm,1Fam,1Story,8,5,2005,2006,Hip,CompShg,CemntBd,CmentBd,BrkFace,240,Gd,TA,PConc,Ex,TA,No,GLQ,28,Unf,0,1794,1822,GasA,Ex,Y,SBrkr,1822,0,0,1822,0,0,2,0,3,1,Ex,8,Typ,1,Gd,Attchd,2005,RFn,3,678,TA,TA,Y,0,119,0,0,0,0,NA,NA,NA,0,2,2010,WD ,Normal,259000
44,0528138060,020,RL,70,10171,Pave,NA,IR1,Lvl,AllPub,Inside,Gtl,NridgHt,Norm,Norm,1Fam,1Story,7,5,2004,2004,Gable,CompShg,VinylSd,VinylSd,BrkFace,168,Gd,TA,PConc,Gd,TA,No,GLQ,2,Unf,0,1515,1517,GasA,Ex,Y,SBrkr,1535,0,0,1535,0,0,2,0,3,1,Gd,7,Typ,0,NA,Attchd,2004,RFn,2,532,TA,TA,Y,0,0,0,0,0,0,NA,NA,NA,0,3,2010,WD ,Normal,214000
45,0528150070,020,RL,100,12919,Pave,NA,IR1,Lvl,AllPub,Inside,Gtl,NridgHt,Norm,Norm,1Fam,1Story,9,5,2009,2010,Hip,CompShg,VinylSd,VinylSd,Stone,760,Ex,TA,PConc,Ex,TA,Gd,GLQ,2188,Unf,0,142,2330,GasA,Ex,Y,SBrkr,2364,0,0,2364,1,0,2,1,2,1,Ex,11,Typ,2,Gd,Attchd,2009,Fin,3,820,TA,TA,Y,0,67,0,0,0,0,NA,NA,NA,0,3,2010,New,Partial,611657
46,0528175010,120,RL,44,6371,Pave,NA,IR1,Lvl,AllPub,Inside,Gtl,NridgHt,Norm,Norm,TwnhsE,1Story,7,5,2009,2010,Gable,CompShg,VinylSd,VinylSd,Stone,128,Gd,TA,PConc,Gd,TA,Mn,GLQ,733,Unf,0,625,1358,GasA,Ex,Y,SBrkr,1358,0,0,1358,1,0,2,0,2,1,Gd,6,Typ,1,Gd,Attchd,2010,RFn,2,484,TA,TA,Y,192,35,0,0,0,0,NA,NA,NA,0,6,2010,New,Partial,224000
47,0528176010,020,RL,110,14300,Pave,NA,Reg,HLS,AllPub,Inside,Mod,NridgHt,Norm,Norm,1Fam,1Story,9,5,2003,2004,Hip,CompShg,VinylSd,VinylSd,BrkFace,1095,Ex,TA,PConc,Ex,TA,Gd,GLQ,1373,Unf,0,1473,2846,GasA,Ex,Y,SBrkr,2696,0,0,2696,1,0,2,1,3,1,Ex,10,Typ,2,Gd,Attchd,2003,Fin,3,958,TA,TA,Y,220,150,0,0,0,0,NA,NA,NA,0,6,2010,WD ,Normal,500000
48,0528176070,060,RL,105,13650,Pave,NA,Reg,Lvl,AllPub,Corner,Gtl,NridgHt,Norm,Norm,1Fam,2Story,8,5,2002,2002,Gable,CompShg,VinylSd,VinylSd,BrkFace,232,Gd,TA,PConc,Gd,TA,Gd,GLQ,578,Unf,0,1093,1671,GasA,Ex,Y,SBrkr,1687,563,0,2250,1,0,2,1,3,1,Gd,7,Typ,1,Ex,Attchd,2002,Fin,3,756,TA,TA,Y,238,130,0,0,0,0,NA,NA,NA,0,6,2010,WD ,Normal,320000
49,0528180070,120,RL,61,7658,Pave,NA,Reg,Lvl,AllPub,Inside,Gtl,NridgHt,Norm,Norm,TwnhsE,1Story,9,5,2005,2005,Hip,CompShg,MetalSd,MetalSd,BrkFace,412,Ex,TA,PConc,Ex,TA,No,GLQ,456,Unf,0,1296,1752,GasA,Ex,Y,SBrkr,1752,0,0,1752,1,0,2,0,2,1,Ex,6,Typ,1,Gd,Attchd,2005,RFn,2,576,TA,TA,Y,196,82,0,0,0,0,NA,NA,NA,0,2,2010,WD ,Normal,319900
50,0528181050,120,RL,41,7132,Pave,NA,IR1,Lvl,AllPub,Inside,Gtl,NridgHt,Norm,Norm,TwnhsE,1Story,8,5,2006,2006,Gable,CompShg,VinylSd,VinylSd,Stone,178,Gd,TA,PConc,Gd,TA,Mn,GLQ,24,Unf,0,1346,1370,GasA,Ex,Y,SBrkr,1370,0,0,1370,0,0,2,0,2,1,Gd,6,Typ,1,Gd,Attchd,2006,RFn,2,484,TA,TA,Y,120,49,0,0,0,0,NA,NA,NA,0,4,2010,WD ,Normal,205000
51,0528188120,160,RL,36,2628,Pave,NA,Reg,Lvl,AllPub,Inside,Gtl,NridgHt,Norm,Norm,Twnhs,2Story,7,5,2003,2003,Gable,CompShg,VinylSd,Wd Shng,Stone,106,Gd,TA,PConc,Gd,TA,No,Unf,0,Unf,0,764,764,GasA,Ex,Y,SBrkr,764,862,0,1626,0,0,2,1,2,1,Gd,6,Typ,0,NA,BuiltIn,2003,RFn,2,474,TA,TA,Y,0,27,0,0,0,0,NA,NA,NA,0,6,2010,WD ,Normal,175500
52,0528218150,020,RL,100,18494,Pave,NA,IR1,Lvl,AllPub,Corner,Gtl,Gilbert,Norm,Norm,1Fam,1Story,6,5,2005,2005,Gable,CompShg,VinylSd,VinylSd,None,0,Gd,TA,PConc,Gd,TA,No,Unf,0,Unf,0,1324,1324,GasA,Ex,Y,SBrkr,1324,0,0,1324,0,0,2,0,3,1,Gd,6,Typ,0,NA,Attchd,2005,Fin,2,430,TA,TA,Y,36,23,0,0,0,0,NA,NA,NA,0,1,2010,WD ,Normal,199500
53,0528228285,120,RL,43,3203,Pave,NA,Reg,Lvl,AllPub,Inside,Gtl,Blmngtn,Norm,Norm,TwnhsE,1Story,7,5,2006,2006,Gable,CompShg,VinylSd,VinylSd,BrkFace,14,Gd,TA,PConc,Gd,TA,Av,GLQ,16,Unf,0,1129,1145,GasA,Ex,Y,SBrkr,1145,0,0,1145,0,0,2,0,2,1,Gd,6,Typ,0,NA,Attchd,2006,Fin,2,437,TA,TA,Y,100,116,0,0,0,0,NA,NA,NA,0,1,2010,WD ,Normal,160000
54,0528228440,120,RL,43,3182,Pave,NA,Reg,Lvl,AllPub,Inside,Gtl,Blmngtn,Norm,Norm,TwnhsE,1Story,8,5,2004,2005,Gable,CompShg,VinylSd,VinylSd,BrkFace,16,Gd,TA,PConc,Gd,TA,No,GLQ,24,Unf,0,1232,1256,GasA,Ex,Y,SBrkr,1269,0,0,1269,0,0,2,0,2,1,Gd,6,Typ,1,TA,Attchd,2004,Fin,2,430,TA,TA,Y,146,20,0,0,144,0,NA,NA,NA,0,4,2010,WD ,Normal,192000
55,0528231020,080,RL,67,13300,Pave,NA,IR1,Lvl,AllPub,Inside,Gtl,Gilbert,Norm,Norm,1Fam,SLvl,7,5,2004,2004,Gable,CompShg,VinylSd,VinylSd,None,0,Gd,TA,PConc,Gd,TA,No,GLQ,326,Unf,0,58,384,GasA,Ex,Y,SBrkr,744,630,0,1374,1,0,2,1,3,1,Gd,7,Typ,1,Gd,BuiltIn,2004,Fin,2,400,TA,TA,Y,100,0,0,0,0,0,NA,NA,NA,0,6,2010,WD ,Normal,184500
56,0528240070,060,RL,,7851,Pave,NA,Reg,Lvl,AllPub,Inside,Gtl,Gilbert,Norm,Norm,1Fam,2Story,6,5,2002,2002,Gable,CompShg,VinylSd,VinylSd,,,Gd,TA,PConc,Gd,TA,No,GLQ,625,Unf,0,235,860,GasA,Ex,Y,SBrkr,860,1100,0,1960,1,0,2,1,4,1,Gd,8,Typ,2,TA,BuiltIn,2002,Fin,2,440,TA,TA,Y,288,48,0,0,0,0,NA,NA,NA,0,5,2010,WD ,Normal,216500
57,0528240130,060,RL,63,8577,Pave,NA,IR1,Lvl,AllPub,Inside,Gtl,Gilbert,Norm,Norm,1Fam,2Story,7,5,2004,2004,Gable,CompShg,VinylSd,VinylSd,None,0,Gd,TA,PConc,Gd,TA,No,Unf,0,Unf,0,847,847,GasA,Ex,Y,SBrkr,847,886,0,1733,0,0,2,1,3,1,Gd,7,Typ,1,Gd,BuiltIn,2004,Fin,2,433,TA,TA,Y,144,48,0,0,0,0,NA,NA,NA,0,4,2010,WD ,Normal,185088
58,0528250100,080,RL,,7750,Pave,NA,IR1,Lvl,AllPub,Inside,Gtl,Gilbert,Norm,Norm,1Fam,SLvl,7,5,2000,2000,Gable,CompShg,VinylSd,VinylSd,None,0,TA,TA,PConc,Gd,TA,No,GLQ,250,Unf,0,134,384,GasA,Ex,Y,SBrkr,774,656,0,1430,0,0,2,1,3,1,TA,7,Typ,1,TA,BuiltIn,2000,Fin,2,400,TA,TA,Y,180,0,0,0,0,0,NA,NA,NA,0,4,2010,WD ,Normal,180000
59,0528292020,060,RL,,9505,Pave,NA,IR1,Lvl,AllPub,CulDSac,Gtl,Gilbert,Norm,Norm,1Fam,2Story,7,5,2001,2001,Gable,CompShg,VinylSd,VinylSd,BrkFace,180,Gd,TA,PConc,Gd,TA,No,Unf,0,Unf,0,884,884,GasA,Ex,Y,SBrkr,884,1151,0,2035,0,0,2,1,3,1,Gd,8,Typ,1,Gd,BuiltIn,2001,Fin,2,434,TA,TA,Y,144,48,0,0,0,0,NA,NA,NA,0,5,2010,WD ,Normal,222500
60,0528328100,060,RL,108,14774,Pave,NA,IR1,Lvl,AllPub,Corner,Gtl,NoRidge,Norm,Norm,1Fam,2Story,9,5,1999,1999,Gable,CompShg,VinylSd,VinylSd,BrkFace,165,Gd,TA,PConc,Gd,TA,No,Unf,0,Unf,0,1393,1393,GasA,Ex,Y,SBrkr,1422,1177,0,2599,0,0,2,1,4,1,Gd,10,Typ,1,TA,BuiltIn,1999,Fin,3,779,TA,TA,Y,668,30,0,0,0,0,NA,NA,NA,0,5,2010,WD ,Normal,333168
61,0528344070,060,RL,60,17433,Pave,NA,IR2,Lvl,AllPub,CulDSac,Gtl,NoRidge,Norm,Norm,1Fam,2Story,8,5,1998,1998,Hip,CompShg,VinylSd,VinylSd,BrkFace,114,Gd,TA,PConc,Ex,TA,No,Unf,0,Unf,0,1629,1629,GasA,Ex,Y,SBrkr,1645,830,0,2475,0,0,2,1,4,1,Gd,7,Typ,1,TA,Attchd,1998,Fin,3,962,TA,TA,Y,23,172,0,0,256,0,NA,NA,NA,0,1,2010,WD ,Normal,355000
62,0528358010,020,RL,59,10593,Pave,NA,IR1,Lvl,AllPub,Inside,Gtl,NoRidge,Norm,Norm,1Fam,1Story,7,5,1996,1996,Hip,CompShg,VinylSd,VinylSd,BrkFace,338,Gd,TA,PConc,Gd,TA,No,GLQ,919,Unf,0,801,1720,GasA,Ex,Y,SBrkr,1720,0,0,1720,1,0,2,0,3,1,Gd,7,Typ,1,TA,Attchd,1996,Fin,2,527,TA,TA,Y,240,56,154,0,0,0,NA,NA,NA,0,3,2010,WD ,Normal,260400
63,0528363130,060,RL,98,12256,Pave,NA,IR1,Lvl,AllPub,Corner,Gtl,NoRidge,Norm,Norm,1Fam,2Story,8,5,1994,1995,Gable,CompShg,HdBoard,HdBoard,BrkFace,362,Gd,TA,PConc,Ex,TA,Av,GLQ,1032,Unf,0,431,1463,GasA,Ex,Y,SBrkr,1500,1122,0,2622,1,0,2,1,3,1,Gd,9,Typ,2,TA,Attchd,1994,RFn,2,712,TA,TA,Y,186,32,0,0,0,0,NA,NA,NA,0,4,2010,WD ,Normal,325000
64,0528382020,060,RL,92,11764,Pave,NA,IR1,Lvl,AllPub,CulDSac,Gtl,NoRidge,Norm,Norm,1Fam,2Story,8,7,1999,2007,Gable,CompShg,VinylSd,VinylSd,BrkFace,348,Gd,TA,PConc,Gd,TA,No,GLQ,524,Unf,0,628,1152,GasA,Ex,Y,SBrkr,1164,1106,0,2270,0,0,2,1,4,1,Gd,9,Typ,1,Gd,Attchd,1999,Fin,3,671,TA,TA,Y,132,57,0,0,0,0,NA,NA,NA,0,4,2010,WD ,Normal,290000
65,0528382030,060,RL,58,16770,Pave,NA,IR2,Lvl,AllPub,CulDSac,Gtl,NoRidge,Norm,Norm,1Fam,2Story,7,5,1998,1998,Gable,CompShg,VinylSd,VinylSd,BrkFace,30,Gd,TA,PConc,Gd,TA,No,Unf,0,Unf,0,1195,1195,GasA,Gd,Y,SBrkr,1195,644,0,1839,0,0,2,1,4,1,TA,7,Typ,0,NA,Attchd,1998,Fin,2,486,TA,TA,Y,0,81,0,0,0,0,NA,NA,NA,0,6,2010,WD ,Normal,221000
66,0528386040,050,RL,56,14720,Pave,NA,IR1,Lvl,AllPub,CulDSac,Gtl,NoRidge,Norm,Norm,1Fam,1.5Fin,8,5,1995,1996,Hip,CompShg,VinylSd,VinylSd,BrkFace,579,Gd,TA,PConc,Gd,TA,Av,GLQ,816,Unf,0,1217,2033,GasA,Ex,Y,SBrkr,2053,1185,0,3238,1,0,2,1,4,1,Gd,9,Typ,1,Ex,Attchd,1996,Fin,3,666,TA,TA,Y,283,86,0,0,0,0,NA,NA,NA,0,3,2010,WD ,Normal,410000
67,0528445060,020,RL,73,8987,Pave,NA,Reg,Lvl,AllPub,Inside,Gtl,Somerst,Norm,Norm,1Fam,1Story,8,5,2005,2006,Gable,CompShg,VinylSd,VinylSd,BrkFace,226,Gd,TA,PConc,Gd,TA,,Unf,0,Unf,0,1595,1595,GasA,Ex,Y,SBrkr,1595,0,0,1595,0,0,2,0,2,1,Gd,6,Typ,1,Gd,Attchd,2005,RFn,3,880,TA,TA,Y,144,0,0,0,0,0,NA,NA,NA,0,5,2010,WD ,Normal,221500
68,0528456160,020,FV,92,9215,Pave,NA,Reg,Lvl,AllPub,Inside,Gtl,Somerst,Norm,Norm,1Fam,1Story,7,5,2009,2010,Hip,CompShg,VinylSd,VinylSd,None,0,Gd,TA,PConc,Gd,TA,No,Unf,0,Unf,0,1218,1218,GasA,Ex,Y,SBrkr,1218,0,0,1218,0,0,2,0,2,1,Gd,4,Typ,0,NA,Attchd,2009,RFn,2,676,TA,TA,Y,0,136,0,0,0,0,NA,NA,NA,0,4,2010,New,Partial,204500
69,0528458070,060,FV,72,8640,Pave,NA,Reg,Lvl,AllPub,Inside,Gtl,Somerst,Norm,Norm,1Fam,2Story,7,5,2009,2009,Gable,CompShg,VinylSd,VinylSd,None,0,TA,TA,PConc,Gd,TA,Mn,GLQ,24,Unf,0,732,756,GasA,Ex,Y,SBrkr,764,783,0,1547,0,0,2,1,3,1,Gd,7,Typ,0,NA,Attchd,2009,Unf,2,614,TA,TA,Y,169,45,0,0,0,0,NA,NA,NA,0,6,2010,Con,Normal,215200
70,0528458110,020,FV,75,9000,Pave,NA,Reg,Lvl,AllPub,Inside,Gtl,Somerst,Norm,Norm,1Fam,1Story,8,5,2008,2008,Gable,CompShg,VinylSd,VinylSd,Stone,36,Gd,TA,PConc,Gd,TA,Av,GLQ,1078,Unf,0,488,1566,GasA,Ex,Y,SBrkr,1566,0,0,1566,1,0,2,0,3,1,Gd,7,Typ,0,NA,Attchd,2008,RFn,2,750,TA,TA,Y,144,168,0,0,0,0,NA,NA,NA,0,4,2010,WD ,Normal,262500
71,0528477080,060,FV,100,12552,Pave,NA,Reg,Lvl,AllPub,Corner,Gtl,Somerst,Norm,Norm,1Fam,2Story,7,5,2004,2005,Gable,CompShg,VinylSd,VinylSd,None,0,Gd,TA,PConc,Gd,TA,No,GLQ,222,Unf,0,769,991,GasA,Ex,Y,SBrkr,991,956,0,1947,0,0,2,1,3,1,Gd,8,Typ,1,Gd,Attchd,2004,RFn,2,678,TA,TA,Y,0,136,0,0,0,0,NA,GdWo,NA,0,5,2010,WD ,Normal,254900
72,0528480090,020,FV,84,10440,Pave,NA,Reg,Lvl,AllPub,Corner,Gtl,Somerst,Norm,Norm,1Fam,1Story,6,5,2005,2005,Gable,CompShg,VinylSd,VinylSd,None,0,Gd,TA,PConc,Ex,TA,No,GLQ,1414,Unf,0,54,1468,GasA,Ex,Y,SBrkr,1468,0,0,1468,1,0,2,0,2,1,Gd,6,Typ,1,Gd,Attchd,2005,Fin,2,528,TA,TA,Y,0,102,0,0,216,0,NA,NA,NA,0,5,2010,WD ,Normal,271500
73,0531367050,060,RL,76,10142,Pave,NA,IR1,Lvl,AllPub,Inside,Gtl,SawyerW,Norm,Norm,1Fam,2Story,7,5,2004,2004,Gable,CompShg,VinylSd,VinylSd,None,0,Gd,TA,PConc,Gd,TA,No,GLQ,656,Unf,0,300,956,GasA,Ex,Y,SBrkr,956,1128,0,2084,1,0,2,1,4,1,Gd,8,Typ,0,NA,BuiltIn,2004,RFn,2,618,TA,TA,Y,0,45,0,0,0,0,NA,NA,NA,0,1,2010,WD ,Normal,233000
74,0531369060,060,RL,70,11920,Pave,NA,Reg,Lvl,AllPub,Inside,Gtl,SawyerW,Norm,Norm,1Fam,2Story,7,5,2004,2004,Gable,CompShg,VinylSd,VinylSd,BrkFace,122,Gd,TA,PConc,Gd,TA,Av,Unf,0,Unf,0,831,831,GasA,Ex,Y,SBrkr,831,828,0,1659,0,0,2,1,3,1,Gd,8,Typ,0,NA,Attchd,2004,RFn,2,484,TA,TA,Y,144,68,0,0,0,0,NA,NA,NA,0,4,2010,WD ,Normal,181000
75,0531380080,060,RL,,8880,Pave,NA,IR1,Lvl,AllPub,Inside,Gtl,SawyerW,Norm,Norm,1Fam,2Story,7,5,1994,2002,Gable,CompShg,VinylSd,VinylSd,None,0,Gd,TA,PConc,Gd,TA,No,GLQ,695,Unf,0,253,948,GasA,Ex,Y,SBrkr,1222,888,0,2110,1,0,2,1,3,1,Gd,8,Typ,2,Fa,Attchd,1994,RFn,2,463,TA,TA,Y,0,130,0,0,0,0,NA,NA,NA,0,5,2010,WD ,Normal,205000
76,0531451110,120,RL,50,8012,Pave,NA,Reg,Lvl,AllPub,Inside,Gtl,SawyerW,Norm,Norm,TwnhsE,1Story,6,5,1980,1980,Gable,CompShg,Plywood,Plywood,None,0,TA,TA,CBlock,Gd,TA,No,BLQ,543,BLQ,119,261,923,GasA,TA,Y,SBrkr,923,0,0,923,0,0,2,0,2,1,TA,5,Typ,1,TA,Attchd,1980,RFn,1,264,TA,TA,Y,80,0,0,0,0,0,NA,NA,NA,0,5,2010,WD ,Normal,143000
77,0531451280,060,RL,70,11218,Pave,NA,Reg,Lvl,AllPub,Inside,Gtl,SawyerW,Norm,Norm,1Fam,2Story,6,5,1992,1992,Gable,CompShg,Wd Sdng,Wd Sdng,None,0,Gd,TA,PConc,Gd,TA,No,Unf,0,Unf,0,1055,1055,GasA,Ex,Y,SBrkr,1055,790,0,1845,0,0,2,1,3,1,Gd,8,Typ,1,TA,Attchd,1992,RFn,2,462,TA,TA,Y,635,104,0,0,0,0,NA,GdPrv,Shed,400,5,2010,WD ,Normal,189000
78,0531452020,120,RL,55,7892,Pave,NA,Reg,Lvl,AllPub,Inside,Gtl,SawyerW,Norm,Norm,TwnhsE,1Story,6,5,1979,1979,Gable,CompShg,Plywood,Plywood,None,0,TA,TA,CBlock,Gd,TA,No,Unf,0,Unf,0,918,918,GasA,TA,Y,SBrkr,918,0,0,918,0,0,2,0,2,1,TA,5,Typ,1,TA,Attchd,1979,Unf,1,264,TA,TA,Y,28,0,0,0,0,0,NA,NA,NA,0,4,2010,WD ,Normal,99500
79,0531452050,120,RL,50,7175,Pave,NA,Reg,Lvl,AllPub,Inside,Gtl,SawyerW,Norm,Norm,TwnhsE,1Story,6,5,1984,1984,Gable,CompShg,Plywood,Plywood,None,0,TA,TA,CBlock,Gd,TA,No,ALQ,623,LwQ,121,0,744,GasA,TA,Y,SBrkr,752,0,0,752,1,0,1,0,2,1,TA,4,Typ,0,NA,Attchd,1984,Unf,1,264,TA,TA,Y,353,0,0,0,90,0,NA,MnPrv,NA,0,2,2010,WD ,Normal,125000
80,0531452180,060,RL,,9453,Pave,NA,IR1,Lvl,AllPub,CulDSac,Gtl,SawyerW,RRNe,Norm,1Fam,2Story,7,7,1993,2003,Gable,CompShg,HdBoard,HdBoard,None,0,Gd,TA,PConc,Gd,TA,No,BLQ,402,Unf,0,594,996,GasA,Ex,Y,SBrkr,1014,730,0,1744,0,0,2,1,3,1,Gd,7,Typ,0,NA,Attchd,1993,RFn,2,457,TA,TA,Y,370,70,0,238,0,0,NA,NA,NA,0,2,2010,WD ,Normal,194500
81,0531453010,020,RL,81,9672,Pave,NA,Reg,Lvl,AllPub,Corner,Gtl,SawyerW,Norm,Norm,1Fam,1Story,6,5,1984,1985,Hip,CompShg,HdBoard,Plywood,None,0,TA,TA,PConc,Gd,TA,No,GLQ,338,Unf,0,702,1040,GasA,TA,Y,SBrkr,1097,0,0,1097,0,0,2,0,3,1,TA,6,Typ,0,NA,Attchd,1986,Unf,2,480,TA,TA,Y,0,0,0,0,0,0,NA,GdPrv,NA,0,5,2010,WD ,Normal,152000
82,0531453040,060,RL,70,8400,Pave,NA,Reg,Lvl,AllPub,Inside,Gtl,SawyerW,Norm,Norm,1Fam,2Story,6,6,1980,1981,Gable,CompShg,HdBoard,HdBoard,BrkFace,130,TA,TA,CBlock,Gd,TA,No,Unf,0,Unf,0,650,650,GasA,TA,Y,SBrkr,888,676,0,1564,0,0,2,1,3,1,TA,7,Typ,1,TA,Attchd,1980,Unf,2,476,TA,TA,Y,0,50,0,0,204,0,NA,MnPrv,NA,0,4,2010,WD ,Normal,171000
83,0531477050,030,RH,70,9800,Pave,NA,Reg,Lvl,AllPub,Corner,Gtl,SawyerW,Feedr,Norm,1Fam,1Story,5,5,1920,1950,Gable,CompShg,Wd Sdng,Wd Sdng,None,0,TA,Fa,BrkTil,TA,TA,No,Unf,0,Unf,0,816,816,GasA,TA,N,FuseA,1012,0,0,1012,0,0,1,0,2,1,TA,5,Typ,0,NA,Detchd,1920,Unf,1,429,TA,TA,Y,121,0,80,0,0,0,NA,NA,NA,0,4,2010,WD ,Normal,67500
84,0532351140,090,RM,68,8930,Pave,NA,Reg,Lvl,AllPub,Inside,Gtl,Sawyer,RRAe,Norm,Duplex,1.5Fin,6,5,1978,1978,Gable,CompShg,VinylSd,VinylSd,None,0,TA,TA,Slab,NA,NA,NA,NA,0,NA,0,0,0,GasA,TA,Y,SBrkr,1318,584,0,1902,0,0,2,0,4,2,TA,8,Typ,0,NA,Attchd,1978,Unf,2,539,TA,TA,Y,0,0,0,0,0,0,NA,NA,NA,0,4,2010,WD ,Normal,112000
85,0532354090,085,RL,88,11782,Pave,NA,IR1,Lvl,AllPub,Inside,Gtl,Sawyer,Norm,Norm,1Fam,SFoyer,5,7,1961,1995,Gable,CompShg,HdBoard,HdBoard,None,0,TA,TA,CBlock,TA,TA,Av,ALQ,899,Unf,0,210,1109,GasA,TA,Y,SBrkr,1155,0,0,1155,1,0,1,0,3,1,Gd,6,Min2,0,NA,Detchd,1987,Unf,2,576,TA,TA,Y,192,0,0,0,0,0,NA,MnPrv,Shed,400,6,2010,WD ,Normal,148000
86,0532376160,020,RL,65,8450,Pave,NA,Reg,Lvl,AllPub,Inside,Gtl,Sawyer,RRAe,Norm,1Fam,1Story,5,8,1965,2009,Gable,CompShg,MetalSd,MetalSd,None,0,TA,Gd,CBlock,TA,TA,No,GLQ,553,BLQ,117,224,894,GasA,Ex,Y,SBrkr,894,0,0,894,1,0,1,0,3,1,TA,5,Typ,1,Gd,Detchd,1973,Unf,1,336,TA,TA,Y,416,144,0,0,0,0,NA,MnPrv,NA,0,4,2010,WD ,Normal,138500
87,0532377060,020,RL,,9819,Pave,NA,IR1,Lvl,AllPub,Inside,Gtl,Sawyer,Norm,Norm,1Fam,1Story,5,5,1967,1967,Gable,CompShg,MetalSd,MetalSd,BrkFace,31,TA,Gd,CBlock,TA,TA,No,BLQ,450,Unf,0,432,882,GasA,TA,Y,SBrkr,900,0,0,900,0,0,1,0,3,1,TA,5,Typ,0,NA,Detchd,1970,Unf,1,280,TA,TA,Y,0,0,0,0,0,0,NA,MnPrv,NA,0,2,2010,WD ,Normal,122000
88,0532377100,020,RL,75,7500,Pave,NA,Reg,Lvl,AllPub,Corner,Gtl,Sawyer,Feedr,Norm,1Fam,1Story,5,5,1963,1963,Gable,CompShg,HdBoard,HdBoard,None,0,TA,TA,CBlock,TA,TA,No,ALQ,824,Unf,0,216,1040,GasA,Fa,Y,SBrkr,1040,0,0,1040,1,0,1,1,3,1,TA,5,Typ,0,NA,Attchd,1963,Fin,1,308,TA,TA,Y,0,0,220,0,0,0,NA,MnPrv,NA,0,6,2010,WD ,Normal,133000
89,0532378110,020,RL,,6897,Pave,NA,IR1,Lvl,AllPub,Corner,Gtl,Sawyer,Norm,Norm,1Fam,1Story,5,8,1962,2010,Gable,CompShg,HdBoard,HdBoard,None,0,TA,Gd,CBlock,TA,TA,No,ALQ,659,Unf,0,381,1040,GasA,Ex,Y,SBrkr,1040,0,0,1040,1,0,1,1,3,1,TA,6,Typ,0,NA,Detchd,1962,Unf,1,260,TA,TA,Y,0,104,0,0,0,0,NA,NA,NA,0,4,2010,WD ,Normal,127000
90,0532479070,020,RL,39,15410,Pave,NA,IR1,Lvl,AllPub,CulDSac,Gtl,Sawyer,RRNe,Norm,1Fam,1Story,6,6,1974,2002,Hip,CompShg,Plywood,Plywood,BrkCmn,250,TA,Gd,CBlock,TA,TA,Gd,BLQ,126,GLQ,859,223,1208,GasA,Ex,Y,SBrkr,1494,0,0,1494,1,0,2,0,3,1,TA,7,Typ,2,Fa,Attchd,1974,Fin,2,461,TA,TA,Y,296,0,186,0,0,0,NA,GdPrv,NA,0,4,2010,WD ,Abnorml,169000
91,0533130020,060,RL,107,10186,Pave,NA,IR1,Lvl,AllPub,Inside,Gtl,NoRidge,Norm,Norm,1Fam,2Story,7,5,1992,1992,Gable,CompShg,HdBoard,HdBoard,None,0,Gd,TA,PConc,Gd,TA,No,GLQ,674,Unf,0,76,750,GasA,Ex,Y,SBrkr,1061,862,0,1923,1,0,2,1,3,1,Gd,8,Typ,1,TA,Attchd,1992,RFn,2,564,TA,TA,Y,240,39,0,0,0,0,NA,NA,NA,0,6,2010,WD ,Normal,190000
92,0533130130,060,RL,85,13143,Pave,NA,IR1,Lvl,AllPub,Inside,Gtl,NoRidge,Norm,Norm,1Fam,2Story,8,5,1993,1993,Gable,CompShg,HdBoard,ImStucc,BrkFace,504,Gd,TA,PConc,Gd,TA,No,LwQ,250,GLQ,981,0,1231,GasA,Ex,Y,SBrkr,1251,1098,0,2349,1,0,2,1,4,1,Gd,9,Typ,1,TA,Attchd,1993,RFn,3,762,TA,TA,Y,32,130,0,0,0,0,NA,NA,NA,0,6,2010,WD ,Normal,362500
93,0533130160,060,RL,88,11134,Pave,NA,Reg,Lvl,AllPub,Inside,Gtl,NoRidge,Norm,Norm,1Fam,2Story,8,5,1992,1993,Gable,CompShg,HdBoard,HdBoard,BrkFace,180,Gd,TA,PConc,Gd,TA,No,GLQ,1129,Unf,0,261,1390,GasA,Ex,Y,SBrkr,1402,823,0,2225,1,0,2,1,4,1,Gd,7,Typ,1,TA,Attchd,1992,RFn,3,713,TA,TA,Y,198,30,0,0,0,0,NA,NA,NA,0,6,2010,WD ,Normal,285000
94,0533205060,120,FV,25,4835,Pave,NA,IR1,Lvl,AllPub,CulDSac,Gtl,Somerst,Norm,Norm,TwnhsE,1Story,7,5,2004,2005,Gable,CompShg,MetalSd,MetalSd,None,0,Gd,TA,PConc,Ex,TA,Av,GLQ,1298,Unf,0,190,1488,GasA,Ex,Y,SBrkr,1488,0,0,1488,1,0,2,0,2,1,Gd,6,Typ,1,Gd,Attchd,2004,Fin,2,506,TA,TA,Y,168,50,0,0,0,0,NA,NA,NA,0,3,2010,WD ,Normal,260000
95,0533208090,160,FV,39,3515,Pave,Pave,Reg,Lvl,AllPub,Inside,Gtl,Somerst,Norm,Norm,TwnhsE,2Story,7,5,2004,2004,Gable,CompShg,VinylSd,VinylSd,None,0,Gd,TA,PConc,Gd,TA,No,Unf,0,Unf,0,840,840,GasA,Ex,Y,SBrkr,840,840,0,1680,0,0,2,1,2,1,Gd,3,Typ,0,NA,Attchd,2004,RFn,2,588,TA,TA,Y,0,111,0,0,0,0,NA,NA,NA,0,1,2010,WD ,Normal,190000
96,0533210060,160,FV,30,3215,Pave,Pave,Reg,Lvl,AllPub,Inside,Gtl,Somerst,Norm,Norm,TwnhsE,2Story,7,5,2004,2004,Gable,CompShg,MetalSd,MetalSd,BrkFace,120,Gd,TA,PConc,Gd,TA,Av,GLQ,280,Unf,0,320,600,GasA,Ex,Y,SBrkr,600,600,0,1200,0,0,2,1,2,1,Gd,4,Typ,0,NA,Detchd,2004,RFn,2,480,TA,TA,Y,0,172,0,0,0,0,NA,NA,NA,0,4,2010,ConLD,Normal,155000
97,0533212010,160,FV,30,3182,Pave,Pave,Reg,Lvl,AllPub,Inside,Gtl,Somerst,Norm,Norm,TwnhsE,2Story,7,5,2004,2005,Gable,CompShg,MetalSd,MetalSd,None,0,Gd,TA,PConc,Gd,TA,No,Unf,0,Unf,0,600,600,GasA,Ex,Y,SBrkr,600,600,0,1200,0,0,2,1,2,1,Gd,4,Typ,0,NA,Detchd,2004,RFn,2,480,TA,TA,Y,0,172,0,0,0,0,NA,NA,NA,0,6,2010,WD ,Normal,151000
98,0533212020,160,FV,24,2544,Pave,Pave,Reg,Lvl,AllPub,Inside,Gtl,Somerst,Norm,Norm,Twnhs,2Story,7,5,2004,2005,Gable,CompShg,MetalSd,MetalSd,None,0,Gd,TA,PConc,Gd,TA,No,GLQ,368,ALQ,42,190,600,GasA,Ex,Y,SBrkr,600,600,0,1200,1,0,2,1,2,1,Gd,4,Typ,0,NA,Detchd,2004,RFn,2,480,TA,TA,Y,0,172,0,0,0,0,NA,NA,NA,0,2,2010,WD ,Normal,149500
99,0533212060,160,FV,24,2544,Pave,Pave,Reg,Lvl,AllPub,Inside,Gtl,Somerst,Norm,Norm,Twnhs,2Story,6,5,2005,2005,Gable,CompShg,VinylSd,VinylSd,BrkFace,216,Gd,TA,PConc,Gd,TA,No,GLQ,376,Unf,0,224,600,GasA,Ex,Y,SBrkr,600,636,0,1236,1,0,2,1,2,1,Gd,4,Typ,0,NA,Detchd,2005,RFn,2,480,TA,TA,Y,0,166,0,0,0,0,NA,NA,NA,0,5,2010,WD ,Normal,152000